label,auc
Atelectasis,0.8179808156177791
Cardiomegaly,0.909014913721344
Effusion,0.8827164014509215
Infiltration,0.715644983031959
Mass,0.8376837531798024
Nodule,0.7755751107094851
Pneumonia,0.7616870310044441
Pneumothorax,0.8776145243493956
Consolidation,0.8002045198129359
Edema,0.8944599670561432
Emphysema,0.9316231389092308
Fibrosis,0.8250897843248722
Pleural_Thickening,0.7889195976208047
Hernia,0.9175253237376412
